,Month,newMonth,ET
0,1,July,40.349914647737556
1,2,August,41.394428644975505
2,3,September,37.5972792025468
3,4,October,32.084391413767925
4,5,November,26.212116476830236
5,6,December,21.87304306717669
6,7,January,26.547553917103546
7,8,February,28.18349896810095
8,9,March,30.79851271229493
9,10,April,34.06275649301151
10,11,May,38.77178776967665
11,12,June,39.68328010867108
