,Month,ET
0,July,35.012884889327196
1,August,42.116696325354866
2,September,39.69066657862487
3,October,33.378548951048955
4,November,28.58671903188387
5,December,17.449516687016686
6,January,28.07731349217524
7,February,29.334847728901682
8,March,27.558582879612825
9,April,28.935636363636362
10,May,36.927878716094455
11,June,34.494231864420094
