,Month,ET
0,July,25.85224358974359
1,August,22.765450017176228
2,September,34.85307837345257
3,October,29.090299518778696
4,November,29.84856329000553
5,December,17.950614613530384
6,January,29.483834110311058
7,February,34.035039928676746
8,March,20.33906158027055
9,April,20.84444444444445
10,May,23.38416666666667
11,June,25.54629120879121
