,Month,newMonth,ET
0,1,July,27.987147683875953
1,2,August,29.486634043204052
2,3,September,29.445562551965722
3,4,October,26.6503691260502
4,5,November,25.309093986005895
5,6,December,21.8684751100547
6,7,January,25.646050596852923
7,8,February,25.856529243043177
8,9,March,24.835049165739836
9,10,April,24.466729960120773
10,11,May,25.383523562848367
11,12,June,24.534680277415735
