,Month,newMonth,ET
0,1,July,27.629909424856834
1,2,August,25.67422614485212
2,3,September,24.670180008448625
3,4,October,21.907904096794006
4,5,November,18.721297322654316
5,6,December,15.248017422735849
6,7,January,17.51937196750966
7,8,February,19.587405901703832
8,9,March,22.428288152698777
9,10,April,25.495790032285356
10,11,May,26.504669361541325
11,12,June,28.656229047783526
