,Month,ET
0,July,30.06192568172787
1,August,31.447170889220068
2,September,27.016706973849832
3,October,22.272300170068025
4,November,17.46887755102041
5,December,14.744568637101809
6,January,19.967857142857145
7,February,20.742778649921508
8,March,18.753572483584005
9,April,26.56107933857174
10,May,25.196842122526014
11,June,29.612269219515767
