,Month,ET
0,July,30.41293784865789
1,August,28.46167266641405
2,September,26.077747252747255
3,October,21.670512820512823
4,November,17.619087463741078
5,December,14.274950004727366
6,January,17.07811524894858
7,February,19.571835164835168
8,March,18.38576850780798
9,April,27.03900955529942
10,May,24.800252363507283
11,June,29.223598901098903
